{
    "date": "2024-04-06, 12:40:41 AM, India Standard Time",
    "solver_runs_and_tasks": {
        "module_name": "standard simulation project",
        "solver_run": {
            "license_and_hardware_request": {
                "in_use": true,
                "license_type": "CST legacy token",
                "mpi": {
                    "consistency_check": true,
                    "num_different_mpi_nodes": 0,
                    "num_local_mpi_nodes": 0,
                    "num_mpi_nodes": 0
                },
                "num_cpu_sockets": 1,
                "num_dc_nodes": 0,
                "num_gpus": 0,
                "num_physical_cores": -1,
                "num_threads": 1024
            },
            "opt_par_run_id": -1,
            "return_code": 7,
            "solver_hwacc_usage": {
                "info": "gathered from solver run",
                "mpi": {
                    "consistency_check": true,
                    "num_different_mpi_nodes": 0,
                    "num_local_mpi_nodes": 0,
                    "num_mpi_nodes": 0
                },
                "num_cpu_sockets": 0,
                "num_dc_nodes": 0,
                "num_gpus": 0,
                "num_threads_or_physical_cores": 0
            },
            "solver_used": "Solver_HF_TD",
            "task_name": "port mode",
            "time_info": {
                "details": {
                    "discretizer": 0,
                    "solver": 0
                },
                "run_time": 0
            }
        }
    },
    "studio-version": "2023.4 Release from 2023-05-04 (change 1108613)",
    "version": 1
}{
    "date": "2024-04-06, 12:41:07 AM, India Standard Time",
    "solver_runs_and_tasks": {
        "module_name": "standard simulation project",
        "solver_run": {
            "license_and_hardware_request": {
                "in_use": true,
                "license_type": "CST legacy token",
                "mpi": {
                    "consistency_check": true,
                    "num_different_mpi_nodes": 0,
                    "num_local_mpi_nodes": 0,
                    "num_mpi_nodes": 0
                },
                "num_cpu_sockets": 1,
                "num_dc_nodes": 0,
                "num_gpus": 0,
                "num_physical_cores": -1,
                "num_threads": 1024
            },
            "opt_par_run_id": -1,
            "return_code": 7,
            "solver_hwacc_usage": {
                "info": "gathered from solver run",
                "mpi": {
                    "consistency_check": true,
                    "num_different_mpi_nodes": 0,
                    "num_local_mpi_nodes": 0,
                    "num_mpi_nodes": 0
                },
                "num_cpu_sockets": 0,
                "num_dc_nodes": 0,
                "num_gpus": 0,
                "num_threads_or_physical_cores": 0
            },
            "solver_used": "Solver_HF_TD",
            "task_name": "port mode",
            "time_info": {
                "details": {
                    "discretizer": 0,
                    "solver": 0
                },
                "run_time": 0
            }
        }
    },
    "studio-version": "2023.4 Release from 2023-05-04 (change 1108613)",
    "version": 1
}{
    "date": "2024-04-06, 12:43:40 AM, India Standard Time",
    "solver_runs_and_tasks": {
        "module_name": "standard simulation project",
        "solver_run": {
            "license_and_hardware_request": {
                "in_use": true,
                "license_type": "CST legacy token",
                "mpi": {
                    "consistency_check": true,
                    "num_different_mpi_nodes": 0,
                    "num_local_mpi_nodes": 0,
                    "num_mpi_nodes": 0
                },
                "num_cpu_sockets": 1,
                "num_dc_nodes": 0,
                "num_gpus": 0,
                "num_physical_cores": -1,
                "num_threads": 1024
            },
            "opt_par_run_id": -1,
            "return_code": 7,
            "solver_hwacc_usage": {
                "info": "gathered from solver run",
                "mpi": {
                    "consistency_check": true,
                    "num_different_mpi_nodes": 0,
                    "num_local_mpi_nodes": 0,
                    "num_mpi_nodes": 0
                },
                "num_cpu_sockets": 0,
                "num_dc_nodes": 0,
                "num_gpus": 0,
                "num_threads_or_physical_cores": 0
            },
            "solver_used": "Solver_HF_TD",
            "task_name": "port mode",
            "time_info": {
                "details": {
                    "discretizer": 0,
                    "solver": 0
                },
                "run_time": 0
            }
        }
    },
    "studio-version": "2023.4 Release from 2023-05-04 (change 1108613)",
    "version": 1
}{
    "date": "2024-04-06, 12:45:04 AM, India Standard Time",
    "solver_runs_and_tasks": {
        "module_name": "standard simulation project",
        "solver_run": {
            "license_and_hardware_request": {
                "in_use": true,
                "license_type": "CST legacy token",
                "mpi": {
                    "consistency_check": true,
                    "num_different_mpi_nodes": 0,
                    "num_local_mpi_nodes": 0,
                    "num_mpi_nodes": 0
                },
                "num_cpu_sockets": 1,
                "num_dc_nodes": 0,
                "num_gpus": 0,
                "num_physical_cores": -1,
                "num_threads": 1024
            },
            "opt_par_run_id": 1,
            "return_code": 1,
            "solver_hwacc_usage": {
                "info": "gathered from solver run",
                "mpi": {
                    "consistency_check": true,
                    "num_different_mpi_nodes": 0,
                    "num_local_mpi_nodes": 0,
                    "num_mpi_nodes": 0
                },
                "num_cpu_sockets": 1,
                "num_dc_nodes": 0,
                "num_gpus": 0,
                "num_threads_or_physical_cores": 6
            },
            "solver_used": "Solver_HF_TD",
            "task_name": "solver run",
            "time_info": {
                "details": {
                    "discretizer": 11,
                    "solver": 6
                },
                "run_time": 31
            }
        }
    },
    "studio-version": "2023.4 Release from 2023-05-04 (change 1108613)",
    "version": 1
}