{
    "parameters": [
        {
            "descr": "Substrate Width",
            "expr": "46.6",
            "name": "Ws",
            "value": "46.6"
        },
        {
            "descr": "Substrate Length",
            "expr": "38",
            "name": "Ls",
            "value": "38"
        },
        {
            "descr": "Substrate Height",
            "expr": "1.6",
            "name": "Hs",
            "value": "1.6"
        },
        {
            "descr": "Patch Width",
            "expr": "30",
            "name": "Wp",
            "value": "30"
        },
        {
            "descr": "delta L",
            "expr": "0.78",
            "name": "DL",
            "value": "0.78"
        },
        {
            "descr": "Patch Length ",
            "expr": "28.1",
            "name": "Lp",
            "value": "28.1"
        },
        {
            "descr": "Patch Height",
            "expr": "0.035",
            "name": "Hp",
            "value": "0.035"
        },
        {
            "expr": "2.685",
            "name": "mv",
            "value": "2.685"
        },
        {
            "descr": "Inset length",
            "expr": "4",
            "name": "Yo",
            "value": "4"
        },
        {
            "descr": "Feed Width",
            "expr": "2.88",
            "name": "Wf",
            "value": "2.88"
        }
    ],
    "version": 1
}