{
   "execution": {
      "classname": "SMAPowerByEmagHPCFrame",
      "libname": "SMAPowerByEmagUI"
   },
   "inputVariables": [
      {
         "name": "Ws",
         "type": "float",
         "value": 46.6
      },
      {
         "name": "Ls",
         "type": "float",
         "value": 38.0
      },
      {
         "name": "Hs",
         "type": "float",
         "value": 1.6
      },
      {
         "name": "Wp",
         "type": "float",
         "value": 30.0
      },
      {
         "name": "DL",
         "type": "float",
         "value": 0.78
      },
      {
         "name": "Lp",
         "type": "float",
         "value": 28.1
      },
      {
         "name": "Hp",
         "type": "float",
         "value": 0.035
      },
      {
         "name": "mv",
         "type": "float",
         "value": 2.685
      },
      {
         "name": "Yo",
         "type": "float",
         "value": 4.0
      },
      {
         "name": "Wf",
         "type": "float",
         "value": 2.88
      }
   ],
   "outputVariables": []
}