{
    "active_solver": "HF Time Domain",
    "frequency": {
        "maximum": 3.5,
        "maximum_expr": "3.5",
        "minimum": 1.5,
        "minimum_expr": "1.5",
        "unit": "GHz"
    },
    "run_options": {
        "optimizer_run": {
            "active": false,
            "active_solver": "HF Time Domain",
            "label": "Optimizer"
        },
        "parameter_sweep_run": {
            "active": false,
            "active_solver": "HF Time Domain",
            "label": "Parameter Sweep"
        },
        "schematic_tasks_run": {
            "active": false,
            "active_solver": "Schematic Tasks",
            "label": "Schematic Tasks"
        },
        "single_solver_run": {
            "active": true,
            "active_solver": "HF Time Domain",
            "label": "Single Solver"
        }
    },
    "solver_support": {
        "HF Time Domain": {
            "hpc_settings": {
                "dc_multi_node": true,
                "dc_para_opt_multi_node": false,
                "gpu": true,
                "mpi": true,
                "mpi_gpu": true,
                "multi_gpu": true
            },
            "price model": "Premium",
            "user acc settings": {
                "cpu devices": 2,
                "dc nodes": 0,
                "gpu devices": 0,
                "mpi nodes": 0,
                "threads or phys cores": 1024
            }
        },
        "Schematic Tasks": {
            "hpc_settings": {
                "dc_multi_node": false,
                "dc_para_opt_multi_node": false,
                "gpu": false,
                "mpi": false,
                "mpi_gpu": false,
                "multi_gpu": false
            },
            "price model": "Premium"
        }
    },
    "type": "standard",
    "version": 4
}
